text,label
Покупаю товар не в первый раз — очень доволен.,0
"Доставили вовремя, отличная упаковка, не пожалел о покупке.",0
Покупаю товар не в первый раз — очень доволен.,0
"Точные сроки, обязательно вернусь ещё раз.",0
Покупаю покупка не в первый раз — рекомендую.,0
Покупаю покупка не в первый раз — обязательно вернусь ещё раз.,0
"Вежливый продавец, обязательно вернусь ещё раз.",0
Бесплатные промокоды — Зарабатывай прямо сейчас!,1
"Низкая цена, обязательно вернусь ещё раз.",0
"Покупай, чтобы горячее предложение.",1
"Доставили вовремя, отличная упаковка, очень доволен.",0
"Очень неплохой покупка, отличная упаковка!",0
"Неплохой продукт, цена соответствует качеству.",0
"Удобный сервис, не пожалел о покупке.",0
"Хороший товар, цена соответствует качеству.",0
Уникальная акция — Заказать прямо сейчас!,1
"Выдающийся продукт, цена соответствует качеству.",0
Покупаю покупка не в первый раз — советую друзьям.,0
Покупаю заказ не в первый раз — советую друзьям.,0
Покупаю заказ не в первый раз — советую друзьям.,0
"Неплохой товар, цена соответствует качеству.",0
"Покупай, чтобы скидка 90%.",1
"Горячее предложение на сайте, здесь: example.com.",1
"Низкая цена, не пожалел о покупке.",0
"Доставили вовремя, точные сроки, очень доволен.",0
Уникальная акция — Покупай прямо сейчас!,1
"Скидка 90% на сайте, сейчас и бесплатно.",1
Покупаю товар не в первый раз — не пожалел о покупке.,0
"Отличный продукт, цена соответствует качеству.",0
"Выиграй, чтобы выиграй приз.",1
Покупаю заказ не в первый раз — не пожалел о покупке.,0
"Точные сроки, не пожалел о покупке.",0
"Выдающийся заказ, цена соответствует качеству.",0
"Неплохой продукт, цена соответствует качеству.",0
"Зарабатывай, чтобы бесплатные промокоды.",1
Скидка 90% только сегодня!,1
"Отличный товар, цена соответствует качеству.",0
Покупаю продукт не в первый раз — очень доволен.,0
Горячее предложение только сегодня!,1
"Отличная упаковка, обязательно вернусь ещё раз.",0
"Очень выдающийся заказ, точные сроки!",0
"Отличный товар, цена соответствует качеству.",0
"Очень неплохой товар, низкая цена!",0
Выиграй здесь: example.com,1
"Доставили вовремя, отличная упаковка, советую друзьям.",0
"Потрясающий заказ, цена соответствует качеству.",0
Уникальная акция только сегодня!,1
"Низкая цена, обязательно вернусь ещё раз.",0
"Очень замечательный продукт, отличная упаковка!",0
"Очень выдающийся продукт, отличная упаковка!",0
Покупаю продукт не в первый раз — не пожалел о покупке.,0
"Доставили вовремя, низкая цена, рекомендую.",0
Скидка 90% только сегодня!,1
Покупаю заказ не в первый раз — обязательно вернусь ещё раз.,0
"Точные сроки, не пожалел о покупке.",0
Покупаю покупка не в первый раз — не пожалел о покупке.,0
"Превосходный продукт, цена соответствует качеству.",0
"Низкая цена, рекомендую.",0
"Доставили вовремя, быстрая доставка, очень доволен.",0
Выиграй приз только сегодня!,1
Покупаю продукт не в первый раз — обязательно вернусь ещё раз.,0
"Низкая цена, советую друзьям.",0
"Превосходный заказ, цена соответствует качеству.",0
Горячее предложение только сегодня!,1
"Доставили вовремя, отличная упаковка, очень доволен.",0
"Удобный сервис, рекомендую.",0
Нажми здесь: example.com,1
"Скидка 90% на сайте, по ссылке: spam-site.ru.",1
Покупаю покупка не в первый раз — обязательно вернусь ещё раз.,0
"Очень хороший заказ, отличная упаковка!",0
Выиграй приз только сегодня!,1
"Потрясающий заказ, цена соответствует качеству.",0
"Хороший заказ, цена соответствует качеству.",0
"Хороший заказ, цена соответствует качеству.",0
"Получить, чтобы горячее предложение.",1
"Вежливый продавец, рекомендую.",0
"Неплохой покупка, цена соответствует качеству.",0
"Быстрая доставка, очень доволен.",0
"Доставили вовремя, удобный сервис, очень доволен.",0
"Получить, чтобы уникальная акция.",1
"Доставили вовремя, удобный сервис, очень доволен.",0
Покупаю продукт не в первый раз — советую друзьям.,0
"Очень потрясающий заказ, точные сроки!",0
"Выдающийся заказ, цена соответствует качеству.",0
"Доставили вовремя, точные сроки, очень доволен.",0
Покупаю продукт не в первый раз — обязательно вернусь ещё раз.,0
"Заказать, чтобы горячее предложение.",1
"Доставили вовремя, вежливый продавец, рекомендую.",0
"Высокое качество, советую друзьям.",0
"Выиграй приз на сайте, по ссылке: spam-site.ru.",1
"Превосходный товар, цена соответствует качеству.",0
"Уникальная акция на сайте, прямо сейчас.",1
"Очень потрясающий заказ, вежливый продавец!",0
"Очень отличный товар, быстрая доставка!",0
"Доставили вовремя, удобный сервис, советую друзьям.",0
Покупаю товар не в первый раз — очень доволен.,0
"Высокое качество, обязательно вернусь ещё раз.",0
Скидка 90% только сегодня!,1
"Высокое качество, обязательно вернусь ещё раз.",0
Покупаю заказ не в первый раз — рекомендую.,0
"Доставили вовремя, быстрая доставка, обязательно вернусь ещё раз.",0
"Покупай, чтобы выиграй приз.",1
"Очень замечательный продукт, отличная упаковка!",0
Горячее предложение — Скачай прямо сейчас!,1
"Очень выдающийся заказ, высокое качество!",0
"Покупай, чтобы скидка 90%.",1
Выиграй приз — Покупай прямо сейчас!,1
Покупаю покупка не в первый раз — советую друзьям.,0
Бесплатные промокоды только сегодня!,1
"Неплохой заказ, цена соответствует качеству.",0
"Отличная упаковка, очень доволен.",0
"Высокое качество, рекомендую.",0
Купить в нашем приложении,1
Горячее предложение — Получить прямо сейчас!,1
"Точные сроки, очень доволен.",0
"Точные сроки, рекомендую.",0
"Заказать, чтобы горячее предложение.",1
"Нажми, чтобы выиграй приз.",1
"Бесплатные промокоды на сайте, здесь: example.com.",1
Покупаю заказ не в первый раз — советую друзьям.,0
"Очень выдающийся заказ, удобный сервис!",0
"Купить, чтобы бесплатные промокоды.",1
Горячее предложение только сегодня!,1
"Отличная упаковка, обязательно вернусь ещё раз.",0
Заказать прямо сейчас,1
"Получить, чтобы горячее предложение.",1
"Купить, чтобы бесплатные промокоды.",1
"Купить, чтобы выиграй приз.",1
"Удобный сервис, очень доволен.",0
"Удобный сервис, очень доволен.",0
"Замечательный продукт, цена соответствует качеству.",0
"Выдающийся продукт, цена соответствует качеству.",0
Покупаю покупка не в первый раз — обязательно вернусь ещё раз.,0
Покупаю заказ не в первый раз — не пожалел о покупке.,0
"Выиграй приз на сайте, уже сегодня.",1
"Купить, чтобы бесплатные промокоды.",1
"Заказать, чтобы горячее предложение.",1
Бесплатные промокоды только сегодня!,1
"Горячее предложение на сайте, в нашем приложении.",1
"Выдающийся покупка, цена соответствует качеству.",0
Горячее предложение — Заказать прямо сейчас!,1
Покупаю покупка не в первый раз — советую друзьям.,0
Выиграй сейчас и бесплатно,1
"Отличная упаковка, советую друзьям.",0
Покупаю покупка не в первый раз — очень доволен.,0
"Прекрасный заказ, цена соответствует качеству.",0
"Точные сроки, рекомендую.",0
Покупаю товар не в первый раз — обязательно вернусь ещё раз.,0
"Очень замечательный товар, высокое качество!",0
Заказать по ссылке: spam-site.ru,1
"Очень отличный заказ, низкая цена!",0
Покупаю заказ не в первый раз — не пожалел о покупке.,0
"Получить, чтобы скидка 90%.",1
"Заказать, чтобы бесплатные промокоды.",1
"Выиграй, чтобы скидка 90%.",1
"Быстрая доставка, обязательно вернусь ещё раз.",0
Уникальная акция только сегодня!,1
Уникальная акция — Заказать прямо сейчас!,1
"Хороший покупка, цена соответствует качеству.",0
"Высокое качество, не пожалел о покупке.",0
Покупаю заказ не в первый раз — не пожалел о покупке.,0
"Покупай, чтобы уникальная акция.",1
Покупаю покупка не в первый раз — очень доволен.,0
"Прекрасный продукт, цена соответствует качеству.",0
"Потрясающий заказ, цена соответствует качеству.",0
"Прекрасный продукт, цена соответствует качеству.",0
Уникальная акция только сегодня!,1
Покупаю продукт не в первый раз — не пожалел о покупке.,0
Выиграй приз — Скачай прямо сейчас!,1
Горячее предложение — Скачай прямо сейчас!,1
"Горячее предложение на сайте, в нашем приложении.",1
"Неплохой покупка, цена соответствует качеству.",0
"Бесплатные промокоды на сайте, сейчас и бесплатно.",1
"Отличная упаковка, советую друзьям.",0
Скидка 90% — Получить прямо сейчас!,1
"Прекрасный товар, цена соответствует качеству.",0
"Очень превосходный покупка, высокое качество!",0
"Очень замечательный покупка, отличная упаковка!",0
Выиграй сейчас и бесплатно,1
"Скидка 90% на сайте, по ссылке: spam-site.ru.",1
"Очень замечательный покупка, отличная упаковка!",0
Покупаю заказ не в первый раз — не пожалел о покупке.,0
"Доставили вовремя, удобный сервис, очень доволен.",0
Скачай по ссылке: spam-site.ru,1
"Отличный покупка, цена соответствует качеству.",0
Покупаю продукт не в первый раз — советую друзьям.,0
"Высокое качество, обязательно вернусь ещё раз.",0
"Очень отличный покупка, вежливый продавец!",0
Нажми здесь: example.com,1
"Быстрая доставка, рекомендую.",0
Покупаю заказ не в первый раз — обязательно вернусь ещё раз.,0
Покупаю покупка не в первый раз — рекомендую.,0
"Очень выдающийся продукт, отличная упаковка!",0
Покупаю покупка не в первый раз — не пожалел о покупке.,0
"Уникальная акция на сайте, уже сегодня.",1
"Высокое качество, не пожалел о покупке.",0
"Низкая цена, рекомендую.",0
"Замечательный заказ, цена соответствует качеству.",0
"Очень отличный покупка, удобный сервис!",0
Уникальная акция — Заказать прямо сейчас!,1
Скидка 90% — Покупай прямо сейчас!,1
"Очень отличный покупка, удобный сервис!",0
"Хороший товар, цена соответствует качеству.",0
"Неплохой заказ, цена соответствует качеству.",0
"Прекрасный заказ, цена соответствует качеству.",0
"Потрясающий заказ, цена соответствует качеству.",0
"Удобный сервис, обязательно вернусь ещё раз.",0
Купить сейчас и бесплатно,1
"Потрясающий товар, цена соответствует качеству.",0
"Выиграй приз на сайте, сейчас и бесплатно.",1
"Очень хороший продукт, удобный сервис!",0
"Превосходный заказ, цена соответствует качеству.",0
"Доставили вовремя, вежливый продавец, очень доволен.",0
"Удобный сервис, очень доволен.",0
Бесплатные промокоды только сегодня!,1
"Скидка 90% на сайте, по ссылке: spam-site.ru.",1
"Неплохой заказ, цена соответствует качеству.",0
"Доставили вовремя, точные сроки, обязательно вернусь ещё раз.",0
Бесплатные промокоды — Скачай прямо сейчас!,1
"Отличная упаковка, обязательно вернусь ещё раз.",0
Заказать здесь: example.com,1
"Точные сроки, обязательно вернусь ещё раз.",0
Покупаю товар не в первый раз — обязательно вернусь ещё раз.,0
Горячее предложение только сегодня!,1
"Доставили вовремя, вежливый продавец, очень доволен.",0
"Точные сроки, не пожалел о покупке.",0
"Выиграй, чтобы выиграй приз.",1
"Доставили вовремя, удобный сервис, не пожалел о покупке.",0
"Неплохой товар, цена соответствует качеству.",0
"Зарабатывай, чтобы уникальная акция.",1
"Получить, чтобы горячее предложение.",1
"Очень хороший товар, быстрая доставка!",0
Заказать здесь: example.com,1
"Очень неплохой покупка, вежливый продавец!",0
"Очень отличный заказ, точные сроки!",0
Покупаю покупка не в первый раз — обязательно вернусь ещё раз.,0
"Вежливый продавец, не пожалел о покупке.",0
Покупаю продукт не в первый раз — рекомендую.,0
"Зарабатывай, чтобы уникальная акция.",1
Нажми сейчас и бесплатно,1
Покупаю товар не в первый раз — очень доволен.,0
"Потрясающий продукт, цена соответствует качеству.",0
Скидка 90% — Заказать прямо сейчас!,1
"Очень потрясающий заказ, низкая цена!",0
"Очень отличный товар, вежливый продавец!",0
"Превосходный покупка, цена соответствует качеству.",0
"Хороший заказ, цена соответствует качеству.",0
"Доставили вовремя, точные сроки, обязательно вернусь ещё раз.",0
"Доставили вовремя, точные сроки, советую друзьям.",0
"Очень неплохой продукт, удобный сервис!",0
"Неплохой покупка, цена соответствует качеству.",0
"Потрясающий продукт, цена соответствует качеству.",0
"Скидка 90% на сайте, по ссылке: spam-site.ru.",1
"Низкая цена, советую друзьям.",0
Нажми сейчас и бесплатно,1
"Очень прекрасный покупка, точные сроки!",0
Выиграй здесь: example.com,1
"Отличный заказ, цена соответствует качеству.",0
"Высокое качество, очень доволен.",0
"Точные сроки, обязательно вернусь ещё раз.",0
Заказать по ссылке: spam-site.ru,1
"Доставили вовремя, высокое качество, обязательно вернусь ещё раз.",0
"Вежливый продавец, рекомендую.",0
"Хороший товар, цена соответствует качеству.",0
Заказать прямо сейчас,1
"Отличный товар, цена соответствует качеству.",0
Покупай сейчас и бесплатно,1
"Горячее предложение на сайте, здесь: example.com.",1
"Доставили вовремя, точные сроки, советую друзьям.",0
Уникальная акция только сегодня!,1
"Очень хороший покупка, быстрая доставка!",0
"Доставили вовремя, удобный сервис, советую друзьям.",0
Зарабатывай в нашем приложении,1
Горячее предложение только сегодня!,1
"Очень хороший заказ, вежливый продавец!",0
"Доставили вовремя, высокое качество, советую друзьям.",0
"Хороший товар, цена соответствует качеству.",0
"Быстрая доставка, очень доволен.",0
"Выиграй приз на сайте, сейчас и бесплатно.",1
Горячее предложение только сегодня!,1
Покупаю покупка не в первый раз — очень доволен.,0
Бесплатные промокоды только сегодня!,1
Покупаю продукт не в первый раз — не пожалел о покупке.,0
"Удобный сервис, обязательно вернусь ещё раз.",0
"Очень замечательный товар, отличная упаковка!",0
Скидка 90% — Покупай прямо сейчас!,1
Заказать сейчас и бесплатно,1
Получить здесь: example.com,1
"Очень прекрасный продукт, низкая цена!",0
"Быстрая доставка, не пожалел о покупке.",0
"Прекрасный заказ, цена соответствует качеству.",0
"Хороший покупка, цена соответствует качеству.",0
Выиграй приз — Получить прямо сейчас!,1
"Доставили вовремя, отличная упаковка, обязательно вернусь ещё раз.",0
Покупаю заказ не в первый раз — рекомендую.,0
"Выиграй приз на сайте, уже сегодня.",1
"Отличный товар, цена соответствует качеству.",0
"Низкая цена, не пожалел о покупке.",0
"Потрясающий продукт, цена соответствует качеству.",0
"Доставили вовремя, низкая цена, обязательно вернусь ещё раз.",0
"Точные сроки, очень доволен.",0
"Замечательный товар, цена соответствует качеству.",0
"Быстрая доставка, обязательно вернусь ещё раз.",0
Выиграй приз — Заказать прямо сейчас!,1
"Очень неплохой продукт, точные сроки!",0
Скидка 90% только сегодня!,1
Бесплатные промокоды только сегодня!,1
"Точные сроки, не пожалел о покупке.",0
Зарабатывай уже сегодня,1
"Хороший продукт, цена соответствует качеству.",0
"Превосходный товар, цена соответствует качеству.",0
Горячее предложение только сегодня!,1
"Очень превосходный продукт, отличная упаковка!",0
"Доставили вовремя, отличная упаковка, не пожалел о покупке.",0
"Неплохой продукт, цена соответствует качеству.",0
"Выиграй, чтобы скидка 90%.",1
Горячее предложение только сегодня!,1
"Низкая цена, обязательно вернусь ещё раз.",0
"Доставили вовремя, точные сроки, очень доволен.",0
"Доставили вовремя, отличная упаковка, советую друзьям.",0
"Неплохой продукт, цена соответствует качеству.",0
"Выдающийся покупка, цена соответствует качеству.",0
"Скачай, чтобы горячее предложение.",1
"Очень неплохой покупка, высокое качество!",0
Покупаю заказ не в первый раз — обязательно вернусь ещё раз.,0
"Очень хороший продукт, низкая цена!",0
Уникальная акция только сегодня!,1
"Превосходный заказ, цена соответствует качеству.",0
"Очень хороший покупка, удобный сервис!",0
"Очень хороший заказ, точные сроки!",0
"Очень потрясающий товар, низкая цена!",0
Покупаю товар не в первый раз — обязательно вернусь ещё раз.,0
"Купить, чтобы выиграй приз.",1
Выиграй по ссылке: spam-site.ru,1
"Очень замечательный заказ, низкая цена!",0
Выиграй приз — Купить прямо сейчас!,1
"Уникальная акция на сайте, прямо сейчас.",1
"Прекрасный заказ, цена соответствует качеству.",0
"Вежливый продавец, не пожалел о покупке.",0
"Точные сроки, не пожалел о покупке.",0
Скачай прямо сейчас,1
Заказать прямо сейчас,1
"Очень выдающийся покупка, быстрая доставка!",0
Уникальная акция только сегодня!,1
"Купить, чтобы выиграй приз.",1
Покупаю заказ не в первый раз — обязательно вернусь ещё раз.,0
Скачай здесь: example.com,1
"Превосходный заказ, цена соответствует качеству.",0
Покупаю заказ не в первый раз — не пожалел о покупке.,0
Покупай здесь: example.com,1
"Зарабатывай, чтобы выиграй приз.",1
Покупаю продукт не в первый раз — очень доволен.,0
Покупаю покупка не в первый раз — очень доволен.,0
"Замечательный покупка, цена соответствует качеству.",0
"Низкая цена, обязательно вернусь ещё раз.",0
Покупаю покупка не в первый раз — рекомендую.,0
Нажми по ссылке: spam-site.ru,1
"Замечательный заказ, цена соответствует качеству.",0
"Горячее предложение на сайте, уже сегодня.",1
"Очень прекрасный товар, быстрая доставка!",0
"Выдающийся продукт, цена соответствует качеству.",0
Покупаю продукт не в первый раз — рекомендую.,0
Уникальная акция только сегодня!,1
"Выдающийся продукт, цена соответствует качеству.",0
"Доставили вовремя, точные сроки, не пожалел о покупке.",0
Зарабатывай по ссылке: spam-site.ru,1
Уникальная акция — Получить прямо сейчас!,1
"Доставили вовремя, вежливый продавец, советую друзьям.",0
Покупаю товар не в первый раз — рекомендую.,0
"Уникальная акция на сайте, в нашем приложении.",1
"Доставили вовремя, низкая цена, рекомендую.",0
"Уникальная акция на сайте, сейчас и бесплатно.",1
Скидка 90% — Купить прямо сейчас!,1
"Быстрая доставка, не пожалел о покупке.",0
"Быстрая доставка, рекомендую.",0
"Точные сроки, не пожалел о покупке.",0
Уникальная акция — Получить прямо сейчас!,1
"Очень превосходный заказ, быстрая доставка!",0
Покупаю продукт не в первый раз — советую друзьям.,0
Покупаю товар не в первый раз — рекомендую.,0
Уникальная акция — Заказать прямо сейчас!,1
"Быстрая доставка, рекомендую.",0
"Отличная упаковка, обязательно вернусь ещё раз.",0
"Очень прекрасный товар, удобный сервис!",0
Бесплатные промокоды только сегодня!,1
Покупаю товар не в первый раз — очень доволен.,0
"Скидка 90% на сайте, прямо сейчас.",1
Горячее предложение только сегодня!,1
Покупаю покупка не в первый раз — советую друзьям.,0
"Прекрасный покупка, цена соответствует качеству.",0
"Превосходный продукт, цена соответствует качеству.",0
"Выиграй, чтобы уникальная акция.",1
"Скидка 90% на сайте, уже сегодня.",1
"Низкая цена, не пожалел о покупке.",0
"Скидка 90% на сайте, здесь: example.com.",1
"Скидка 90% на сайте, уже сегодня.",1
"Очень неплохой продукт, точные сроки!",0
"Очень неплохой товар, быстрая доставка!",0
"Доставили вовремя, высокое качество, обязательно вернусь ещё раз.",0
"Очень прекрасный заказ, вежливый продавец!",0
"Очень потрясающий товар, точные сроки!",0
"Покупай, чтобы выиграй приз.",1
Покупаю заказ не в первый раз — советую друзьям.,0
Покупаю продукт не в первый раз — обязательно вернусь ещё раз.,0
"Очень замечательный продукт, вежливый продавец!",0
"Очень превосходный заказ, высокое качество!",0
"Доставили вовремя, быстрая доставка, не пожалел о покупке.",0
Выиграй уже сегодня,1
"Очень прекрасный покупка, точные сроки!",0
"Очень прекрасный продукт, высокое качество!",0
"Очень хороший заказ, низкая цена!",0
"Неплохой товар, цена соответствует качеству.",0
"Доставили вовремя, удобный сервис, обязательно вернусь ещё раз.",0
"Заказать, чтобы горячее предложение.",1
"Выиграй приз на сайте, прямо сейчас.",1
"Замечательный продукт, цена соответствует качеству.",0
"Бесплатные промокоды на сайте, по ссылке: spam-site.ru.",1
Зарабатывай сейчас и бесплатно,1
Скидка 90% только сегодня!,1
"Высокое качество, не пожалел о покупке.",0
"Доставили вовремя, быстрая доставка, не пожалел о покупке.",0
Бесплатные промокоды только сегодня!,1
"Очень хороший заказ, точные сроки!",0
Горячее предложение — Нажми прямо сейчас!,1
"Скачай, чтобы скидка 90%.",1
"Доставили вовремя, отличная упаковка, советую друзьям.",0
"Доставили вовремя, низкая цена, советую друзьям.",0
"Покупай, чтобы горячее предложение.",1
Бесплатные промокоды — Зарабатывай прямо сейчас!,1
Уникальная акция только сегодня!,1
"Вежливый продавец, рекомендую.",0
"Доставили вовремя, вежливый продавец, обязательно вернусь ещё раз.",0
Зарабатывай уже сегодня,1
"Очень замечательный продукт, точные сроки!",0
"Выиграй, чтобы скидка 90%.",1
"Очень выдающийся товар, низкая цена!",0
"Хороший покупка, цена соответствует качеству.",0
"Бесплатные промокоды на сайте, уже сегодня.",1
"Замечательный продукт, цена соответствует качеству.",0
"Высокое качество, очень доволен.",0
"Очень неплохой покупка, быстрая доставка!",0
"Отличный продукт, цена соответствует качеству.",0
"Вежливый продавец, советую друзьям.",0
"Доставили вовремя, отличная упаковка, не пожалел о покупке.",0
Покупаю покупка не в первый раз — советую друзьям.,0
"Хороший продукт, цена соответствует качеству.",0
"Доставили вовремя, точные сроки, советую друзьям.",0
"Очень прекрасный покупка, низкая цена!",0
"Неплохой товар, цена соответствует качеству.",0
"Очень хороший заказ, отличная упаковка!",0
"Доставили вовремя, отличная упаковка, обязательно вернусь ещё раз.",0
"Скидка 90% на сайте, сейчас и бесплатно.",1
"Высокое качество, очень доволен.",0
"Доставили вовремя, удобный сервис, очень доволен.",0
"Отличный покупка, цена соответствует качеству.",0
"Доставили вовремя, вежливый продавец, обязательно вернусь ещё раз.",0
Покупаю товар не в первый раз — очень доволен.,0
"Доставили вовремя, высокое качество, рекомендую.",0
"Отличная упаковка, обязательно вернусь ещё раз.",0
Уникальная акция — Купить прямо сейчас!,1
"Неплохой заказ, цена соответствует качеству.",0
Купить по ссылке: spam-site.ru,1
"Очень отличный товар, вежливый продавец!",0
"Доставили вовремя, вежливый продавец, очень доволен.",0
"Очень потрясающий покупка, высокое качество!",0
Бесплатные промокоды — Нажми прямо сейчас!,1
"Точные сроки, рекомендую.",0
"Потрясающий заказ, цена соответствует качеству.",0
"Очень выдающийся покупка, низкая цена!",0
"Удобный сервис, советую друзьям.",0
Выиграй приз только сегодня!,1
Горячее предложение — Покупай прямо сейчас!,1
Выиграй приз — Получить прямо сейчас!,1
"Доставили вовремя, отличная упаковка, рекомендую.",0
"Очень хороший заказ, точные сроки!",0
Покупаю продукт не в первый раз — советую друзьям.,0
"Доставили вовремя, низкая цена, не пожалел о покупке.",0
Горячее предложение — Зарабатывай прямо сейчас!,1
"Заказать, чтобы уникальная акция.",1
"Доставили вовремя, точные сроки, не пожалел о покупке.",0
"Зарабатывай, чтобы скидка 90%.",1
"Получить, чтобы скидка 90%.",1
"Вежливый продавец, обязательно вернусь ещё раз.",0
"Очень неплохой покупка, удобный сервис!",0
"Очень замечательный покупка, низкая цена!",0
"Получить, чтобы бесплатные промокоды.",1
Покупаю товар не в первый раз — очень доволен.,0
Скачай прямо сейчас,1
Покупаю заказ не в первый раз — советую друзьям.,0
"Потрясающий покупка, цена соответствует качеству.",0
"Очень неплохой заказ, отличная упаковка!",0
"Очень хороший заказ, удобный сервис!",0
"Очень потрясающий товар, вежливый продавец!",0
"Выдающийся покупка, цена соответствует качеству.",0
"Превосходный заказ, цена соответствует качеству.",0
"Выдающийся товар, цена соответствует качеству.",0
"Доставили вовремя, отличная упаковка, обязательно вернусь ещё раз.",0
"Доставили вовремя, точные сроки, советую друзьям.",0
Выиграй сейчас и бесплатно,1
"Прекрасный заказ, цена соответствует качеству.",0
"Очень отличный заказ, вежливый продавец!",0
Покупаю товар не в первый раз — не пожалел о покупке.,0
"Зарабатывай, чтобы горячее предложение.",1
"Выиграй приз на сайте, здесь: example.com.",1
Покупаю продукт не в первый раз — не пожалел о покупке.,0
"Потрясающий продукт, цена соответствует качеству.",0
"Замечательный товар, цена соответствует качеству.",0
"Заказать, чтобы выиграй приз.",1
"Очень потрясающий покупка, низкая цена!",0
Покупаю покупка не в первый раз — очень доволен.,0
"Вежливый продавец, не пожалел о покупке.",0
Выиграй приз — Зарабатывай прямо сейчас!,1
"Доставили вовремя, низкая цена, очень доволен.",0
"Доставили вовремя, вежливый продавец, советую друзьям.",0
"Превосходный заказ, цена соответствует качеству.",0
"Выиграй приз на сайте, уже сегодня.",1
"Выиграй, чтобы скидка 90%.",1
Покупаю товар не в первый раз — не пожалел о покупке.,0
"Низкая цена, обязательно вернусь ещё раз.",0
"Доставили вовремя, точные сроки, обязательно вернусь ещё раз.",0
Покупаю покупка не в первый раз — рекомендую.,0
"Заказать, чтобы выиграй приз.",1
"Очень прекрасный товар, отличная упаковка!",0
Покупаю заказ не в первый раз — рекомендую.,0
"Хороший заказ, цена соответствует качеству.",0
Покупаю заказ не в первый раз — рекомендую.,0
"Неплохой заказ, цена соответствует качеству.",0
"Очень замечательный покупка, отличная упаковка!",0
"Хороший продукт, цена соответствует качеству.",0
Горячее предложение — Получить прямо сейчас!,1
"Удобный сервис, рекомендую.",0
"Доставили вовремя, высокое качество, рекомендую.",0
"Быстрая доставка, советую друзьям.",0
Покупаю продукт не в первый раз — обязательно вернусь ещё раз.,0
"Доставили вовремя, точные сроки, обязательно вернусь ещё раз.",0
Покупаю товар не в первый раз — не пожалел о покупке.,0
Покупаю покупка не в первый раз — обязательно вернусь ещё раз.,0
"Очень неплохой покупка, удобный сервис!",0
"Потрясающий покупка, цена соответствует качеству.",0
"Очень потрясающий покупка, точные сроки!",0
Скидка 90% — Покупай прямо сейчас!,1
Покупаю покупка не в первый раз — обязательно вернусь ещё раз.,0
Уникальная акция только сегодня!,1
Покупаю покупка не в первый раз — не пожалел о покупке.,0
"Очень отличный товар, быстрая доставка!",0
Покупаю заказ не в первый раз — очень доволен.,0
Заказать прямо сейчас,1
"Хороший покупка, цена соответствует качеству.",0
"Неплохой заказ, цена соответствует качеству.",0
"Замечательный продукт, цена соответствует качеству.",0
"Выдающийся продукт, цена соответствует качеству.",0
"Скачай, чтобы горячее предложение.",1
"Прекрасный товар, цена соответствует качеству.",0
Уникальная акция — Покупай прямо сейчас!,1
"Очень выдающийся продукт, низкая цена!",0
"Замечательный товар, цена соответствует качеству.",0
"Бесплатные промокоды на сайте, в нашем приложении.",1
"Доставили вовремя, низкая цена, не пожалел о покупке.",0
"Доставили вовремя, точные сроки, не пожалел о покупке.",0
"Отличный товар, цена соответствует качеству.",0
"Доставили вовремя, отличная упаковка, рекомендую.",0
"Превосходный товар, цена соответствует качеству.",0
Выиграй приз только сегодня!,1
Зарабатывай здесь: example.com,1
"Низкая цена, очень доволен.",0
Покупаю покупка не в первый раз — обязательно вернусь ещё раз.,0
"Очень хороший покупка, удобный сервис!",0
Бесплатные промокоды только сегодня!,1
"Уникальная акция на сайте, по ссылке: spam-site.ru.",1
"Купить, чтобы выиграй приз.",1
Бесплатные промокоды только сегодня!,1
"Удобный сервис, не пожалел о покупке.",0
Покупаю товар не в первый раз — не пожалел о покупке.,0
"Доставили вовремя, высокое качество, обязательно вернусь ещё раз.",0
"Доставили вовремя, низкая цена, не пожалел о покупке.",0
"Прекрасный покупка, цена соответствует качеству.",0
"Доставили вовремя, высокое качество, советую друзьям.",0
Покупаю товар не в первый раз — советую друзьям.,0
Скидка 90% — Покупай прямо сейчас!,1
Покупаю продукт не в первый раз — рекомендую.,0
"Купить, чтобы выиграй приз.",1
"Низкая цена, очень доволен.",0
Заказать в нашем приложении,1
"Доставили вовремя, отличная упаковка, советую друзьям.",0
"Доставили вовремя, удобный сервис, обязательно вернусь ещё раз.",0
"Очень хороший заказ, быстрая доставка!",0
"Отличный продукт, цена соответствует качеству.",0
"Замечательный товар, цена соответствует качеству.",0
"Очень неплохой заказ, удобный сервис!",0
"Очень потрясающий товар, удобный сервис!",0
"Потрясающий продукт, цена соответствует качеству.",0
"Точные сроки, очень доволен.",0
"Покупай, чтобы бесплатные промокоды.",1
"Скачай, чтобы выиграй приз.",1
Зарабатывай здесь: example.com,1
"Очень отличный продукт, точные сроки!",0
Бесплатные промокоды — Зарабатывай прямо сейчас!,1
Покупаю покупка не в первый раз — не пожалел о покупке.,0
"Доставили вовремя, высокое качество, не пожалел о покупке.",0
"Доставили вовремя, вежливый продавец, рекомендую.",0
"Нажми, чтобы бесплатные промокоды.",1
"Доставили вовремя, отличная упаковка, очень доволен.",0
"Точные сроки, обязательно вернусь ещё раз.",0
Заказать здесь: example.com,1
"Превосходный покупка, цена соответствует качеству.",0
"Неплохой покупка, цена соответствует качеству.",0
"Очень прекрасный покупка, быстрая доставка!",0
"Превосходный продукт, цена соответствует качеству.",0
"Доставили вовремя, низкая цена, не пожалел о покупке.",0
"Высокое качество, советую друзьям.",0
"Очень неплохой покупка, высокое качество!",0
Покупаю товар не в первый раз — рекомендую.,0
"Отличная упаковка, советую друзьям.",0
"Скачай, чтобы скидка 90%.",1
Покупаю продукт не в первый раз — рекомендую.,0
"Очень прекрасный продукт, точные сроки!",0
Покупаю заказ не в первый раз — советую друзьям.,0
"Очень прекрасный продукт, удобный сервис!",0
"Очень превосходный продукт, точные сроки!",0
Покупаю покупка не в первый раз — рекомендую.,0
Покупаю товар не в первый раз — обязательно вернусь ещё раз.,0
"Выиграй приз на сайте, здесь: example.com.",1
Скидка 90% только сегодня!,1
"Хороший покупка, цена соответствует качеству.",0
"Горячее предложение на сайте, прямо сейчас.",1
"Высокое качество, не пожалел о покупке.",0
"Очень неплохой продукт, удобный сервис!",0
"Точные сроки, очень доволен.",0
"Доставили вовремя, отличная упаковка, обязательно вернусь ещё раз.",0
Уникальная акция — Нажми прямо сейчас!,1
"Скидка 90% на сайте, здесь: example.com.",1
"Потрясающий покупка, цена соответствует качеству.",0
"Доставили вовремя, отличная упаковка, советую друзьям.",0
Покупаю покупка не в первый раз — обязательно вернусь ещё раз.,0
"Прекрасный товар, цена соответствует качеству.",0
"Доставили вовремя, вежливый продавец, не пожалел о покупке.",0
"Низкая цена, обязательно вернусь ещё раз.",0
"Доставили вовремя, удобный сервис, рекомендую.",0
Покупаю покупка не в первый раз — обязательно вернусь ещё раз.,0
"Высокое качество, обязательно вернусь ещё раз.",0
"Хороший товар, цена соответствует качеству.",0
Покупай уже сегодня,1
"Точные сроки, обязательно вернусь ещё раз.",0
Выиграй приз только сегодня!,1
"Доставили вовремя, точные сроки, рекомендую.",0
"Доставили вовремя, вежливый продавец, не пожалел о покупке.",0
"Очень отличный товар, вежливый продавец!",0
"Высокое качество, очень доволен.",0
Покупаю продукт не в первый раз — обязательно вернусь ещё раз.,0
Выиграй приз — Покупай прямо сейчас!,1
Нажми прямо сейчас,1
"Хороший покупка, цена соответствует качеству.",0
Покупаю товар не в первый раз — советую друзьям.,0
"Доставили вовремя, удобный сервис, обязательно вернусь ещё раз.",0
Покупаю товар не в первый раз — рекомендую.,0
Уникальная акция — Выиграй прямо сейчас!,1
"Бесплатные промокоды на сайте, здесь: example.com.",1
"Отличная упаковка, рекомендую.",0
"Доставили вовремя, вежливый продавец, очень доволен.",0
"Быстрая доставка, не пожалел о покупке.",0
"Горячее предложение на сайте, в нашем приложении.",1
Покупаю продукт не в первый раз — очень доволен.,0
"Отличная упаковка, не пожалел о покупке.",0
"Покупай, чтобы бесплатные промокоды.",1
"Доставили вовремя, низкая цена, обязательно вернусь ещё раз.",0
"Прекрасный товар, цена соответствует качеству.",0
"Доставили вовремя, удобный сервис, рекомендую.",0
"Выдающийся покупка, цена соответствует качеству.",0
"Низкая цена, не пожалел о покупке.",0
"Очень выдающийся покупка, быстрая доставка!",0
Скидка 90% — Получить прямо сейчас!,1
Покупаю покупка не в первый раз — не пожалел о покупке.,0
Покупаю заказ не в первый раз — советую друзьям.,0
"Очень неплохой покупка, низкая цена!",0
"Очень превосходный заказ, удобный сервис!",0
"Уникальная акция на сайте, прямо сейчас.",1
"Доставили вовремя, удобный сервис, обязательно вернусь ещё раз.",0
"Доставили вовремя, быстрая доставка, очень доволен.",0
"Доставили вовремя, точные сроки, советую друзьям.",0
"Хороший покупка, цена соответствует качеству.",0
"Заказать, чтобы горячее предложение.",1
"Заказать, чтобы уникальная акция.",1
"Удобный сервис, очень доволен.",0
Покупаю заказ не в первый раз — обязательно вернусь ещё раз.,0
"Доставили вовремя, быстрая доставка, не пожалел о покупке.",0
"Доставили вовремя, отличная упаковка, не пожалел о покупке.",0
"Выдающийся продукт, цена соответствует качеству.",0
"Превосходный товар, цена соответствует качеству.",0
Заказать по ссылке: spam-site.ru,1
"Удобный сервис, не пожалел о покупке.",0
"Потрясающий товар, цена соответствует качеству.",0
"Превосходный заказ, цена соответствует качеству.",0
"Низкая цена, рекомендую.",0
"Быстрая доставка, обязательно вернусь ещё раз.",0
"Отличный заказ, цена соответствует качеству.",0
"Очень выдающийся товар, вежливый продавец!",0
"Очень замечательный продукт, быстрая доставка!",0
"Доставили вовремя, низкая цена, советую друзьям.",0
"Очень превосходный заказ, точные сроки!",0
"Очень выдающийся продукт, отличная упаковка!",0
"Очень потрясающий продукт, отличная упаковка!",0
Скидка 90% только сегодня!,1
"Отличная упаковка, обязательно вернусь ещё раз.",0
"Покупай, чтобы выиграй приз.",1
"Горячее предложение на сайте, прямо сейчас.",1
"Хороший товар, цена соответствует качеству.",0
"Точные сроки, обязательно вернусь ещё раз.",0
"Доставили вовремя, отличная упаковка, советую друзьям.",0
"Неплохой продукт, цена соответствует качеству.",0
Заказать прямо сейчас,1
"Низкая цена, советую друзьям.",0
"Точные сроки, рекомендую.",0
"Доставили вовремя, точные сроки, очень доволен.",0
"Превосходный продукт, цена соответствует качеству.",0
"Скидка 90% на сайте, здесь: example.com.",1
"Неплохой покупка, цена соответствует качеству.",0
"Очень отличный товар, вежливый продавец!",0
"Очень неплохой товар, вежливый продавец!",0
"Очень отличный заказ, удобный сервис!",0
"Отличный товар, цена соответствует качеству.",0
Покупаю продукт не в первый раз — очень доволен.,0
"Выдающийся заказ, цена соответствует качеству.",0
"Потрясающий продукт, цена соответствует качеству.",0
Покупаю продукт не в первый раз — советую друзьям.,0
"Превосходный заказ, цена соответствует качеству.",0
"Прекрасный продукт, цена соответствует качеству.",0
"Хороший товар, цена соответствует качеству.",0
"Доставили вовремя, высокое качество, советую друзьям.",0
"Доставили вовремя, точные сроки, советую друзьям.",0
Покупаю покупка не в первый раз — рекомендую.,0
"Доставили вовремя, точные сроки, очень доволен.",0
"Низкая цена, обязательно вернусь ещё раз.",0
"Хороший продукт, цена соответствует качеству.",0
"Отличная упаковка, не пожалел о покупке.",0
"Вежливый продавец, обязательно вернусь ещё раз.",0
"Очень превосходный продукт, вежливый продавец!",0
Покупаю продукт не в первый раз — советую друзьям.,0
Покупаю продукт не в первый раз — не пожалел о покупке.,0
"Очень замечательный продукт, низкая цена!",0
Покупаю товар не в первый раз — обязательно вернусь ещё раз.,0
Горячее предложение — Зарабатывай прямо сейчас!,1
"Выиграй приз на сайте, уже сегодня.",1
"Выдающийся заказ, цена соответствует качеству.",0
"Доставили вовремя, удобный сервис, советую друзьям.",0
Покупаю покупка не в первый раз — советую друзьям.,0
"Высокое качество, рекомендую.",0
"Очень прекрасный заказ, высокое качество!",0
"Доставили вовремя, высокое качество, не пожалел о покупке.",0
Покупаю продукт не в первый раз — советую друзьям.,0
"Выиграй, чтобы бесплатные промокоды.",1
"Горячее предложение на сайте, уже сегодня.",1
"Превосходный товар, цена соответствует качеству.",0
"Скидка 90% на сайте, прямо сейчас.",1
"Доставили вовремя, низкая цена, очень доволен.",0
Покупаю продукт не в первый раз — советую друзьям.,0
Нажми прямо сейчас,1
"Заказать, чтобы скидка 90%.",1
"Выиграй приз на сайте, уже сегодня.",1
Выиграй приз только сегодня!,1
"Прекрасный заказ, цена соответствует качеству.",0
Нажми прямо сейчас,1
Выиграй приз — Покупай прямо сейчас!,1
Нажми в нашем приложении,1
"Доставили вовремя, быстрая доставка, очень доволен.",0
"Очень прекрасный продукт, низкая цена!",0
"Хороший заказ, цена соответствует качеству.",0
Покупаю заказ не в первый раз — советую друзьям.,0
"Отличная упаковка, очень доволен.",0
Покупаю продукт не в первый раз — рекомендую.,0
Уникальная акция — Нажми прямо сейчас!,1
"Бесплатные промокоды на сайте, по ссылке: spam-site.ru.",1
Скачай уже сегодня,1
Горячее предложение только сегодня!,1
"Неплохой заказ, цена соответствует качеству.",0
Покупаю покупка не в первый раз — очень доволен.,0
"Покупай, чтобы скидка 90%.",1
"Превосходный заказ, цена соответствует качеству.",0
"Доставили вовремя, точные сроки, советую друзьям.",0
"Очень отличный покупка, быстрая доставка!",0
"Удобный сервис, рекомендую.",0
"Доставили вовремя, вежливый продавец, советую друзьям.",0
"Вежливый продавец, рекомендую.",0
"Вежливый продавец, очень доволен.",0
"Удобный сервис, советую друзьям.",0
"Очень хороший заказ, вежливый продавец!",0
"Хороший покупка, цена соответствует качеству.",0
"Очень неплохой заказ, низкая цена!",0
"Доставили вовремя, быстрая доставка, советую друзьям.",0
Покупаю заказ не в первый раз — очень доволен.,0
"Очень замечательный продукт, точные сроки!",0
"Бесплатные промокоды на сайте, уже сегодня.",1
"Купить, чтобы бесплатные промокоды.",1
Покупаю товар не в первый раз — не пожалел о покупке.,0
Покупаю продукт не в первый раз — советую друзьям.,0
"Очень потрясающий заказ, отличная упаковка!",0
"Нажми, чтобы уникальная акция.",1
"Очень неплохой заказ, отличная упаковка!",0
"Доставили вовремя, быстрая доставка, рекомендую.",0
Купить прямо сейчас,1
"Неплохой покупка, цена соответствует качеству.",0
"Очень замечательный товар, вежливый продавец!",0
"Доставили вовремя, высокое качество, рекомендую.",0
"Покупай, чтобы горячее предложение.",1
Горячее предложение только сегодня!,1
"Очень выдающийся заказ, точные сроки!",0
Выиграй прямо сейчас,1
"Быстрая доставка, не пожалел о покупке.",0
"Зарабатывай, чтобы горячее предложение.",1
Уникальная акция — Купить прямо сейчас!,1
"Получить, чтобы скидка 90%.",1
Скидка 90% только сегодня!,1
"Доставили вовремя, быстрая доставка, обязательно вернусь ещё раз.",0
"Высокое качество, обязательно вернусь ещё раз.",0
"Удобный сервис, очень доволен.",0
"Доставили вовремя, точные сроки, рекомендую.",0
"Нажми, чтобы горячее предложение.",1
Бесплатные промокоды — Нажми прямо сейчас!,1
"Превосходный покупка, цена соответствует качеству.",0
"Очень прекрасный покупка, отличная упаковка!",0
"Выдающийся покупка, цена соответствует качеству.",0
"Бесплатные промокоды на сайте, уже сегодня.",1
"Отличная упаковка, рекомендую.",0
Заказать прямо сейчас,1
Покупаю покупка не в первый раз — не пожалел о покупке.,0
Скачай уже сегодня,1
"Очень отличный товар, быстрая доставка!",0
Покупаю продукт не в первый раз — советую друзьям.,0
Покупаю товар не в первый раз — советую друзьям.,0
"Отличная упаковка, не пожалел о покупке.",0
"Потрясающий покупка, цена соответствует качеству.",0
"Очень хороший товар, вежливый продавец!",0
"Потрясающий покупка, цена соответствует качеству.",0
"Высокое качество, рекомендую.",0
"Очень замечательный заказ, вежливый продавец!",0
Покупаю покупка не в первый раз — рекомендую.,0
"Неплохой заказ, цена соответствует качеству.",0
"Очень потрясающий заказ, быстрая доставка!",0
"Удобный сервис, очень доволен.",0
"Очень неплохой покупка, низкая цена!",0
Скидка 90% — Покупай прямо сейчас!,1
"Доставили вовремя, быстрая доставка, рекомендую.",0
"Очень потрясающий покупка, низкая цена!",0
"Удобный сервис, обязательно вернусь ещё раз.",0
"Скидка 90% на сайте, прямо сейчас.",1
"Доставили вовремя, удобный сервис, обязательно вернусь ещё раз.",0
"Доставили вовремя, высокое качество, рекомендую.",0
"Высокое качество, обязательно вернусь ещё раз.",0
"Доставили вовремя, удобный сервис, советую друзьям.",0
"Очень отличный заказ, быстрая доставка!",0
"Очень неплохой заказ, удобный сервис!",0
"Доставили вовремя, быстрая доставка, не пожалел о покупке.",0
"Горячее предложение на сайте, уже сегодня.",1
Покупаю продукт не в первый раз — рекомендую.,0
Выиграй уже сегодня,1
Бесплатные промокоды только сегодня!,1
Покупаю покупка не в первый раз — рекомендую.,0
"Доставили вовремя, высокое качество, обязательно вернусь ещё раз.",0
"Хороший заказ, цена соответствует качеству.",0
"Низкая цена, обязательно вернусь ещё раз.",0
"Доставили вовремя, низкая цена, рекомендую.",0
"Очень выдающийся товар, удобный сервис!",0
"Уникальная акция на сайте, сейчас и бесплатно.",1
"Доставили вовремя, высокое качество, обязательно вернусь ещё раз.",0
"Хороший продукт, цена соответствует качеству.",0
"Доставили вовремя, вежливый продавец, очень доволен.",0
"Доставили вовремя, быстрая доставка, не пожалел о покупке.",0
"Точные сроки, обязательно вернусь ещё раз.",0
"Отличная упаковка, рекомендую.",0
"Хороший товар, цена соответствует качеству.",0
Уникальная акция — Скачай прямо сейчас!,1
Горячее предложение только сегодня!,1
"Отличная упаковка, рекомендую.",0
Покупай здесь: example.com,1
Покупаю заказ не в первый раз — советую друзьям.,0
"Низкая цена, очень доволен.",0
"Доставили вовремя, быстрая доставка, обязательно вернусь ещё раз.",0
"Доставили вовремя, отличная упаковка, рекомендую.",0
"Доставили вовремя, вежливый продавец, не пожалел о покупке.",0
"Хороший заказ, цена соответствует качеству.",0
"Прекрасный товар, цена соответствует качеству.",0
Уникальная акция — Покупай прямо сейчас!,1
"Высокое качество, советую друзьям.",0
"Низкая цена, обязательно вернусь ещё раз.",0
"Хороший товар, цена соответствует качеству.",0
"Доставили вовремя, точные сроки, не пожалел о покупке.",0
"Доставили вовремя, низкая цена, рекомендую.",0
Покупаю продукт не в первый раз — обязательно вернусь ещё раз.,0
"Очень хороший заказ, низкая цена!",0
"Доставили вовремя, высокое качество, рекомендую.",0
"Доставили вовремя, быстрая доставка, очень доволен.",0
"Отличная упаковка, очень доволен.",0
"Прекрасный продукт, цена соответствует качеству.",0
"Точные сроки, рекомендую.",0
Покупай здесь: example.com,1
"Выиграй приз на сайте, в нашем приложении.",1
"Очень потрясающий товар, быстрая доставка!",0
Покупаю продукт не в первый раз — советую друзьям.,0
"Доставили вовремя, отличная упаковка, обязательно вернусь ещё раз.",0
Заказать по ссылке: spam-site.ru,1
Покупаю товар не в первый раз — рекомендую.,0
"Замечательный заказ, цена соответствует качеству.",0
Уникальная акция — Зарабатывай прямо сейчас!,1
Выиграй приз — Купить прямо сейчас!,1
"Доставили вовремя, высокое качество, очень доволен.",0
"Низкая цена, советую друзьям.",0
"Получить, чтобы горячее предложение.",1
Покупаю заказ не в первый раз — советую друзьям.,0
"Нажми, чтобы уникальная акция.",1
"Доставили вовремя, удобный сервис, рекомендую.",0
"Бесплатные промокоды на сайте, уже сегодня.",1
"Выдающийся продукт, цена соответствует качеству.",0
"Замечательный товар, цена соответствует качеству.",0
"Доставили вовремя, точные сроки, советую друзьям.",0
"Доставили вовремя, удобный сервис, очень доволен.",0
"Очень неплохой товар, отличная упаковка!",0
"Получить, чтобы выиграй приз.",1
Горячее предложение — Заказать прямо сейчас!,1
"Горячее предложение на сайте, в нашем приложении.",1
Покупаю товар не в первый раз — рекомендую.,0
"Доставили вовремя, низкая цена, советую друзьям.",0
"Нажми, чтобы уникальная акция.",1
Выиграй прямо сейчас,1
"Замечательный заказ, цена соответствует качеству.",0
"Выиграй, чтобы горячее предложение.",1
"Прекрасный продукт, цена соответствует качеству.",0
"Точные сроки, очень доволен.",0
"Высокое качество, не пожалел о покупке.",0
"Удобный сервис, обязательно вернусь ещё раз.",0
"Покупай, чтобы выиграй приз.",1
Покупаю продукт не в первый раз — очень доволен.,0
Покупаю покупка не в первый раз — очень доволен.,0
"Доставили вовремя, удобный сервис, очень доволен.",0
"Выиграй, чтобы скидка 90%.",1
"Доставили вовремя, удобный сервис, обязательно вернусь ещё раз.",0
"Доставили вовремя, точные сроки, не пожалел о покупке.",0
"Бесплатные промокоды на сайте, здесь: example.com.",1
"Доставили вовремя, отличная упаковка, не пожалел о покупке.",0
Выиграй приз — Купить прямо сейчас!,1
"Очень превосходный заказ, высокое качество!",0
Выиграй приз — Покупай прямо сейчас!,1
"Очень хороший продукт, высокое качество!",0
"Доставили вовремя, точные сроки, обязательно вернусь ещё раз.",0
Выиграй уже сегодня,1
"Отличный покупка, цена соответствует качеству.",0
"Превосходный продукт, цена соответствует качеству.",0
Выиграй приз только сегодня!,1
Скидка 90% — Получить прямо сейчас!,1
"Очень хороший покупка, удобный сервис!",0
"Зарабатывай, чтобы уникальная акция.",1
"Очень потрясающий заказ, точные сроки!",0
"Доставили вовремя, точные сроки, не пожалел о покупке.",0
Уникальная акция только сегодня!,1
Заказать прямо сейчас,1
Заказать в нашем приложении,1
"Очень прекрасный заказ, высокое качество!",0
"Уникальная акция на сайте, в нашем приложении.",1
Покупаю продукт не в первый раз — не пожалел о покупке.,0
"Доставили вовремя, вежливый продавец, обязательно вернусь ещё раз.",0
Выиграй приз — Покупай прямо сейчас!,1
"Купить, чтобы горячее предложение.",1
Зарабатывай уже сегодня,1
"Доставили вовремя, высокое качество, обязательно вернусь ещё раз.",0
Горячее предложение — Выиграй прямо сейчас!,1
Купить прямо сейчас,1
"Нажми, чтобы уникальная акция.",1
"Высокое качество, очень доволен.",0
"Очень превосходный покупка, быстрая доставка!",0
Скачай здесь: example.com,1
Покупаю заказ не в первый раз — очень доволен.,0
Покупаю товар не в первый раз — очень доволен.,0
"Высокое качество, рекомендую.",0
Покупаю товар не в первый раз — очень доволен.,0
"Уникальная акция на сайте, в нашем приложении.",1
Покупаю заказ не в первый раз — обязательно вернусь ещё раз.,0
"Получить, чтобы горячее предложение.",1
Покупай уже сегодня,1
"Превосходный заказ, цена соответствует качеству.",0
"Доставили вовремя, быстрая доставка, не пожалел о покупке.",0
"Доставили вовремя, низкая цена, рекомендую.",0
"Очень выдающийся товар, высокое качество!",0
"Нажми, чтобы бесплатные промокоды.",1
Скидка 90% только сегодня!,1
"Доставили вовремя, быстрая доставка, очень доволен.",0
"Доставили вовремя, удобный сервис, советую друзьям.",0
"Очень отличный товар, вежливый продавец!",0
"Очень прекрасный покупка, низкая цена!",0
"Низкая цена, очень доволен.",0
"Превосходный покупка, цена соответствует качеству.",0
"Очень замечательный товар, низкая цена!",0
"Очень отличный товар, низкая цена!",0
Горячее предложение только сегодня!,1
"Замечательный заказ, цена соответствует качеству.",0
"Доставили вовремя, вежливый продавец, очень доволен.",0
"Доставили вовремя, быстрая доставка, рекомендую.",0
"Доставили вовремя, быстрая доставка, не пожалел о покупке.",0
Заказать сейчас и бесплатно,1
Скачай уже сегодня,1
Получить здесь: example.com,1
"Очень хороший заказ, отличная упаковка!",0
"Скидка 90% на сайте, прямо сейчас.",1
